lineup_id,tier,temperature,player_ids,total_salary,milp_projection,mean,median,p10,p90,std,skewness
12,1,0.0,"drake maye,devon achane,christian mccaffrey,rj harvey,jaylen waddle,wandale robinson,troy franklin,kyle pitts sr,saints",60000,119.9,133.60423434499546,131.98910835713218,110.37056748962168,160.60386086191053,20.06418969110793,0.08049794249000114
84,2,0.9400000000000002,"bo nix,devon achane,christian mccaffrey,treveyon henderson,wandale robinson,troy franklin,michael pittman,kyle pitts sr,dolphins",60000,119.1,132.95313374400124,131.1289459473283,108.76356115681571,159.9049149809216,20.34936935358793,0.08964345601950047
33,2,0.43,"drake maye,devon achane,christian mccaffrey,rj harvey,tetairoa mcmillan,troy franklin,michael pittman,kyle pitts sr,dolphins",59900,119.5,132.8226174399762,131.106115055207,107.68664944620936,159.94422293936552,21.54730422554603,0.07966204805955034
39,2,0.49,"drake maye,devon achane,christian mccaffrey,rj harvey,jaylen waddle,wandale robinson,michael pittman,hunter henry,giants",60000,119.4,132.6698737277248,131.02164811887258,109.42303653404738,159.17619312803387,20.300997146025587,0.08118939168339794
48,2,0.58,"drake maye,devon achane,christian mccaffrey,rj harvey,jaylen waddle,wandale robinson,michael pittman,kyle pitts sr,raiders",59800,119.3,132.1855530924573,130.92934447653215,109.00116658751055,156.91736975098706,19.31139278038396,0.06505013026306276
58,2,0.6799999999999999,"drake maye,devon achane,christian mccaffrey,rj harvey,jaylen waddle,michael pittman,khalil shakir,hunter henry,titans",59800,119.2,132.2375808890137,130.45454085881772,106.41786185095472,160.6929696612451,21.72396544394286,0.08207709751688745
40,2,0.5,"drake maye,devon achane,christian mccaffrey,rj harvey,jaylen waddle,tetairoa mcmillan,michael pittman,brenton strange,titans",60000,119.4,132.19707657239144,130.06423125498972,106.07237440780418,160.78544780786476,22.393784427137508,0.09524273685590483
13,1,0.0,"drake maye,devon achane,christian mccaffrey,rj harvey,jaylen waddle,troy franklin,michael pittman,kyle pitts sr,cardinals",59900,119.8,132.2679847272427,129.97195305330902,106.36968660213213,159.3985398415524,22.51273375551587,0.10198813253282114
47,2,0.5700000000000001,"drake maye,devon achane,christian mccaffrey,rj harvey,jaylen waddle,tetairoa mcmillan,alec pierce,hunter henry,titans",59900,119.3,131.96571290540942,129.91802330854085,106.73796744983419,159.26359094094198,21.667768026268696,0.09450394680181502
1,1,0.0,"drake maye,devon achane,christian mccaffrey,rj harvey,jaylen waddle,tetairoa mcmillan,troy franklin,kyle pitts sr,titans",60000,120.6,131.70735261990708,129.71869638427813,106.34183457596349,156.58551993217645,21.671149418978622,0.09176514808611747
27,2,0.37,"drake maye,devon achane,christian mccaffrey,rj harvey,jaylen waddle,wandale robinson,courtland sutton,kyle pitts sr,titans",60000,119.5,131.3499763997157,129.62857285217046,107.95918357374529,158.04323479826144,19.15430132515893,0.08987033869432735
5,1,0.0,"bo nix,devon achane,christian mccaffrey,rj harvey,jaylen waddle,tetairoa mcmillan,wandale robinson,kyle pitts sr,dolphins",60000,120.1,130.67196586330968,129.37851820892988,104.85527310139682,156.00491135562882,20.995320035604642,0.0616064747851582
51,2,0.6100000000000001,"bo nix,devon achane,christian mccaffrey,rj harvey,jaylen waddle,tetairoa mcmillan,wandale robinson,hunter henry,saints",60000,119.3,130.11252479442584,129.10116680352826,104.91724508872528,155.57359104534953,20.065168470179195,0.05040366306421285
9,1,0.0,"drake maye,devon achane,christian mccaffrey,rj harvey,jaylen waddle,wandale robinson,troy franklin,hunter henry,titans",59900,119.9,130.97711670420884,129.06242175335592,107.76183018526963,156.82715011827696,19.49728339209685,0.09820316565891601
67,2,0.77,"drake maye,devon achane,christian mccaffrey,rj harvey,wandale robinson,troy franklin,alec pierce,kyle pitts sr,chargers",59900,119.1,130.57307857627526,129.0535003554902,106.98511758257888,156.81910139650765,19.694589070500072,0.07715714277385936
69,2,0.79,"bo nix,devon achane,christian mccaffrey,rj harvey,tetairoa mcmillan,michael pittman,khalil shakir,kyle pitts sr,chargers",59900,119.1,131.57638070802182,129.03338788115997,104.95796965810676,162.07717974530757,23.578495884478375,0.10785220733846257
16,1,0.0,"bo nix,devon achane,christian mccaffrey,rj harvey,tetairoa mcmillan,wandale robinson,troy franklin,kyle pitts sr,chargers",60000,119.8,132.84287171947065,129.0018597744409,108.4778888630919,162.68953128961735,22.847790689098886,0.16811305728839543
95,2,1.05,"drake maye,devon achane,christian mccaffrey,rj harvey,jaylen waddle,troy franklin,khalil shakir,hunter henry,giants",59900,119.1,131.82631000159327,128.78094929277734,106.99468568375545,160.38738904324845,21.4347079856992,0.14207614635327603
10,1,0.0,"bo nix,devon achane,christian mccaffrey,treveyon henderson,jaylen waddle,troy franklin,michael pittman,kyle pitts sr,titans",59900,119.9,131.07233755840193,128.76937931869725,104.52976777416944,159.40068887228009,22.21645018270187,0.10366004563131352
55,2,0.65,"drake maye,devon achane,christian mccaffrey,rj harvey,jaylen waddle,troy franklin,courtland sutton,kyle pitts sr,raiders",60000,119.3,131.5440455075344,128.75435138979674,107.40787692627526,158.45302473545607,20.405203429245482,0.1367148397912748
66,2,0.76,"drake maye,devon achane,christian mccaffrey,rj harvey,jaylen waddle,michael pittman,khalil shakir,kyle pitts sr,saints",59900,119.2,131.74028124073374,128.72869359831995,105.6155093193277,160.4715151477088,22.701037496649633,0.1326629958149823
32,2,0.42,"drake maye,devon achane,christian mccaffrey,rj harvey,jaylen waddle,troy franklin,michael pittman,hunter henry,raiders",59900,119.5,131.58392002284953,128.5209378688112,106.0369299029871,159.36576837730797,23.136776252772542,0.13238586571330532
87,2,0.97,"bo nix,devon achane,christian mccaffrey,rj harvey,wandale robinson,troy franklin,michael pittman,kyle pitts sr,seahawks",59900,119.1,130.54862626312257,128.4135747172071,107.33329209606356,157.6125296359347,20.1432147242175,0.10599358519216766
85,2,0.95,"bo nix,devon achane,christian mccaffrey,rj harvey,jaylen waddle,wandale robinson,michael pittman,hunter henry,dolphins",59700,119.1,129.85229965029475,128.24555830234922,105.46568468346034,155.73625383311332,19.696375339073736,0.08157548382813719
57,2,0.67,"matthew stafford,devon achane,christian mccaffrey,rj harvey,tetairoa mcmillan,troy franklin,michael pittman,hunter henry,dolphins",59900,119.3,130.147657650699,128.22255626811153,103.31474406526745,159.62281161117502,22.08267973362371,0.08717698240473247
83,2,0.93,"drake maye,devon achane,christian mccaffrey,rj harvey,troy franklin,michael pittman,alec pierce,hunter henry,chargers",60000,119.1,130.99280634924986,128.1640464994064,105.93653076061813,159.52127912695124,22.117206660097146,0.12789860371232972
52,2,0.6200000000000001,"drake maye,devon achane,christian mccaffrey,rj harvey,jaylen waddle,tetairoa mcmillan,alec pierce,kyle pitts sr,saints",60000,119.3,129.76775324027562,128.12103470305118,104.9848474694154,156.9625059490604,20.697561806603854,0.07956099141586016
99,2,1.09,"bo nix,devon achane,christian mccaffrey,treveyon henderson,jaylen waddle,troy franklin,tre tucker,kyle pitts sr,dolphins",60000,119.0,131.34745001302392,128.0458987053232,106.27479317998858,159.48121198310128,21.81391368965123,0.1513507092157889
88,2,0.98,"drake maye,devon achane,christian mccaffrey,rj harvey,jaylen waddle,troy franklin,quentin johnston,kyle pitts sr,dolphins",59900,119.1,130.05938045116446,127.777218861982,107.04517628707373,155.35555877686116,20.03154383111685,0.11392839256040556
79,2,0.8900000000000001,"bo nix,devon achane,christian mccaffrey,rj harvey,davante adams,troy franklin,michael pittman,hunter henry,titans",60000,119.1,128.9738808193812,127.74065872589392,103.28206373440895,156.6436340408957,21.36103730749261,0.05773231307707699
46,2,0.56,"bo nix,devon achane,christian mccaffrey,ashton jeanty,jaylen waddle,tetairoa mcmillan,troy franklin,kyle pitts sr,titans",59900,119.3,130.2457551906186,127.68113536713958,103.53346489671374,159.95043417129705,22.58171481349186,0.11357064087740384
36,2,0.46,"bo nix,devon achane,christian mccaffrey,rj harvey,jaylen waddle,tetairoa mcmillan,troy franklin,hunter henry,cardinals",59900,119.4,129.79118373257174,127.52881863000306,103.52320248450302,157.03471692022757,22.666615298554014,0.09981045130778764
60,2,0.7,"matthew stafford,devon achane,christian mccaffrey,treveyon henderson,wandale robinson,troy franklin,michael pittman,kyle pitts sr,titans",59900,119.2,130.08364101405115,127.51845013216655,107.72488688910603,156.4345910174908,19.548381874188298,0.1312226709296939
21,2,0.31,"drake maye,devon achane,christian mccaffrey,rj harvey,jaylen waddle,troy franklin,alec pierce,hunter henry,dolphins",60000,119.6,129.3406869969018,127.4984029923277,104.83806856781965,156.7118961971364,21.12344808768677,0.08721511738644652
26,2,0.36,"drake maye,devon achane,christian mccaffrey,rj harvey,jaylen waddle,troy franklin,alec pierce,kyle pitts sr,falcons",60000,119.5,129.08580414777504,127.34430255220607,104.4793629265011,156.14118570464393,20.82500934991086,0.08362548925224933
91,2,1.01,"bo nix,devon achane,christian mccaffrey,rj harvey,jaylen waddle,troy franklin,courtland sutton,hunter henry,dolphins",59900,119.1,129.8908785871664,127.32725920396857,104.36458716554172,157.51917883122275,21.89474744950741,0.11708832856418824
61,2,0.71,"matthew stafford,devon achane,christian mccaffrey,rj harvey,tetairoa mcmillan,troy franklin,michael pittman,kyle pitts sr,falcons",59900,119.2,129.47111484282797,127.27108170400007,103.60469141659726,158.1023986766716,22.45254108544997,0.09798593087771269
31,2,0.41,"bo nix,devon achane,christian mccaffrey,rj harvey,jaylen waddle,wandale robinson,troy franklin,hunter henry,falcons",60000,119.5,129.66404069614526,127.13013148350065,106.80610016002339,155.05088250055238,20.29789634004748,0.1248360505046647
97,2,1.07,"bo nix,devon achane,christian mccaffrey,rj harvey,tetairoa mcmillan,troy franklin,michael pittman,kyle pitts sr,rams",59900,119.0,129.49859068796465,127.10921622195713,103.53940752404047,157.7534293692448,22.197350104433497,0.10764232914136415
41,2,0.51,"bo nix,devon achane,christian mccaffrey,rj harvey,jaylen waddle,wandale robinson,alec pierce,kyle pitts sr,chargers",59800,119.4,128.5367299965398,127.10655177255796,105.20495420774279,153.40890765128626,19.45991386815124,0.07349355365454723
92,2,1.02,"bo nix,devon achane,christian mccaffrey,rj harvey,jaylen waddle,tetairoa mcmillan,troy franklin,oronde gadsden,titans",59900,119.1,129.41102762847464,127.08593878851902,102.82274650871582,160.73238524469963,22.79365910987333,0.10200594949445775
90,2,1.0,"cj stroud,devon achane,christian mccaffrey,treveyon henderson,jaylen waddle,troy franklin,michael pittman,kyle pitts sr,dolphins",60000,119.1,129.4303682081419,127.05901904779124,104.42991092169645,159.2880239257963,21.762985971561367,0.10896249087553608
34,2,0.4399999999999999,"matthew stafford,devon achane,christian mccaffrey,rj harvey,jaylen waddle,tetairoa mcmillan,khalil shakir,kyle pitts sr,giants",59900,119.4,128.998190228358,126.97333271801946,102.41654451098448,157.10942349205007,22.139187229066447,0.09146033634333729
86,2,0.96,"drake maye,devon achane,treveyon henderson,rj harvey,jaylen waddle,tetairoa mcmillan,wandale robinson,kyle pitts sr,dolphins",60000,119.1,128.47636484337224,126.81021979896727,105.33118791590307,153.8235843174824,19.733483679748854,0.08443238261649783
81,2,0.91,"bo nix,devon achane,christian mccaffrey,rj harvey,davante adams,wandale robinson,troy franklin,kyle pitts sr,titans",59900,119.1,129.10338023756765,126.69622902802317,105.91405197236475,155.41057211457897,20.785585099563484,0.11580868173853007
62,2,0.72,"bo nix,devon achane,christian mccaffrey,rj harvey,jaylen waddle,tetairoa mcmillan,troy franklin,kyle pitts sr,browns",60000,119.2,129.449876513617,126.66425743891784,102.7007565662527,158.74152528276443,22.65510236663564,0.12295769092624188
73,2,0.8300000000000001,"matthew stafford,devon achane,christian mccaffrey,rj harvey,tetairoa mcmillan,wandale robinson,michael pittman,kyle pitts sr,dolphins",59800,119.1,129.02698502870425,126.61497216336097,105.70249157799671,155.3172840120497,20.922878212634668,0.11528112149917943
89,2,0.99,"matthew stafford,devon achane,christian mccaffrey,rj harvey,tetairoa mcmillan,troy franklin,courtland sutton,kyle pitts sr,dolphins",60000,119.1,129.19631519611931,126.52819552430057,101.13178568239873,158.5002319564229,25.172778031888093,0.10599226149926133
54,2,0.64,"jaxson dart,devon achane,christian mccaffrey,rj harvey,jaylen waddle,tetairoa mcmillan,troy franklin,kyle pitts sr,dolphins",59900,119.3,129.305691963421,126.48214691961888,102.85423060416802,160.04588304840158,23.1535448084993,0.12194871528983477
38,2,0.48,"drake maye,devon achane,christian mccaffrey,rj harvey,jaylen waddle,wandale robinson,alec pierce,kyle pitts sr,dolphins",59900,119.4,128.40954496954143,126.41438051918087,105.49298065090974,151.89732400697218,19.24834201083116,0.10365383414518876
68,2,0.78,"matthew stafford,devon achane,christian mccaffrey,treveyon henderson,jaylen waddle,troy franklin,tre tucker,kyle pitts sr,titans",59900,119.1,128.60071894416862,126.35820276557918,103.23357119262364,156.76337765220686,21.176866071930718,0.10589461967471317
98,2,1.08,"bo nix,devon achane,christian mccaffrey,rj harvey,jaylen waddle,tetairoa mcmillan,troy franklin,brenton strange,dolphins",59800,119.0,128.76625111351154,126.20050629265509,102.93247165165434,158.21448850913637,22.74225546601929,0.1128183976602541
7,1,0.0,"matthew stafford,devon achane,christian mccaffrey,rj harvey,wandale robinson,troy franklin,michael pittman,kyle pitts sr,chargers",60000,120.0,129.1222910770377,126.14979460547951,105.29558334858427,157.03205403202335,21.014658281000283,0.14144871792874494
17,1,0.0,"matthew stafford,devon achane,christian mccaffrey,rj harvey,jaylen waddle,wandale robinson,troy franklin,hunter henry,saints",60000,119.7,128.29289964559075,126.13363295344934,104.67560454583929,153.15706111290214,20.14745653935691,0.10717316540295846
80,2,0.9000000000000001,"matthew stafford,devon achane,christian mccaffrey,rj harvey,jaylen waddle,wandale robinson,michael pittman,hunter henry,raiders",59800,119.1,128.4774955194603,126.01622298760721,103.98777490194968,155.27072005464484,21.127657177797243,0.11649528914354025
43,2,0.53,"bo nix,devon achane,christian mccaffrey,ashton jeanty,jaylen waddle,troy franklin,michael pittman,kyle pitts sr,dolphins",60000,119.4,128.58257108385837,125.96310204845994,102.51645692101081,157.80385907679863,22.35331373349418,0.11718481951395936
0,1,0.0,"bo nix,devon achane,christian mccaffrey,rj harvey,jaylen waddle,troy franklin,michael pittman,kyle pitts sr,chargers",60000,120.7,128.54793649629428,125.83035279646413,102.64286315375166,157.22117123216364,22.16469958261408,0.12260864126314718
30,2,0.4,"bo nix,devon achane,christian mccaffrey,rj harvey,jaylen waddle,tetairoa mcmillan,tre tucker,kyle pitts sr,chargers",60000,119.5,128.96178724034846,125.81073958678436,102.80942639042426,156.76351802767093,22.75753325387344,0.13846174004943038
49,2,0.59,"matthew stafford,devon achane,christian mccaffrey,rj harvey,jaylen waddle,wandale robinson,courtland sutton,hunter henry,titans",60000,119.3,128.36769364018755,125.76871091300913,103.2151258435603,156.09905404385563,21.387372863465117,0.1215194939448652
19,1,0.0,"matthew stafford,devon achane,christian mccaffrey,rj harvey,jaylen waddle,tetairoa mcmillan,michael pittman,kyle pitts sr,vikings",60000,119.7,128.17856786092145,125.74020749815334,101.83707569448087,154.78699389653744,22.41353868635485,0.10878962027770113
96,2,1.06,"drake maye,devon achane,christian mccaffrey,rj harvey,jaylen waddle,troy franklin,adonai mitchell,kyle pitts sr,chargers",60000,119.1,128.4957089438843,125.65130789569659,104.22816561644915,155.0372287858758,20.703530663083303,0.13738724541604824
53,2,0.63,"matthew stafford,devon achane,christian mccaffrey,rj harvey,jaylen waddle,wandale robinson,michael pittman,brenton strange,dolphins",60000,119.3,127.33838560698317,125.63110936244706,103.50303447,152.76707636842355,19.88468536040193,0.08585885135180205
65,2,0.75,"bo nix,devon achane,christian mccaffrey,rj harvey,jaylen waddle,troy franklin,michael pittman,oronde gadsden,dolphins",60000,119.2,128.35186145001407,125.58043856655677,102.99775691749797,156.5055608072566,22.244745471794655,0.12458775430680227
71,2,0.81,"drake maye,devon achane,christian mccaffrey,tyjae spears,jaylen waddle,tetairoa mcmillan,troy franklin,kyle pitts sr,chargers",59900,119.1,127.14716583134525,125.57273775520208,101.70768340605706,156.30655761656524,21.69782498359323,0.07256156215351837
35,2,0.45,"matthew stafford,devon achane,christian mccaffrey,rj harvey,jaylen waddle,troy franklin,courtland sutton,kyle pitts sr,cardinals",60000,119.4,126.84593469829196,125.45247444679592,101.09573971054485,154.09821344448864,21.320828681617826,0.06535675851555604
6,1,0.0,"matthew stafford,devon achane,christian mccaffrey,rj harvey,jaylen waddle,tetairoa mcmillan,troy franklin,kyle pitts sr,raiders",59900,120.0,128.79240529375517,125.3689139785672,102.37595395321411,159.00842886603039,23.814240178473025,0.1437581585442578
4,1,0.0,"matthew stafford,devon achane,christian mccaffrey,rj harvey,jaylen waddle,tetairoa mcmillan,wandale robinson,kyle pitts sr,titans",59900,120.2,128.1056182772855,125.36260418266801,103.83064489910414,156.31822066002945,21.795668692534598,0.1258513392414067
42,2,0.52,"matthew stafford,devon achane,christian mccaffrey,rj harvey,jaylen waddle,troy franklin,michael pittman,kyle pitts sr,browns",60000,119.4,127.26195937935336,125.29137982987199,101.54255299469816,153.96751372647248,21.864373804542076,0.09012741764742449
20,2,0.3,"trevor lawrence,devon achane,christian mccaffrey,rj harvey,jaylen waddle,wandale robinson,troy franklin,kyle pitts sr,chargers",60000,119.7,127.14582183923459,125.25908708882365,104.1660412288659,150.91543012122204,19.17618032813015,0.09838949770634071
23,2,0.3299999999999999,"matthew stafford,devon achane,christian mccaffrey,rj harvey,jaylen waddle,troy franklin,michael pittman,hunter henry,cardinals",59900,119.6,127.06077785767624,125.25598082191033,101.29116775151667,154.883620133576,22.15537003629609,0.08146092946356581
37,2,0.47,"matthew stafford,devon achane,christian mccaffrey,rj harvey,jaylen waddle,wandale robinson,michael pittman,kyle pitts sr,cardinals",59800,119.4,127.60033354761927,125.19302817864374,104.10577607377253,152.25385430014546,20.269665798587305,0.1187639398150958
22,2,0.32,"bo nix,devon achane,christian mccaffrey,rj harvey,jaylen waddle,troy franklin,alec pierce,hunter henry,chargers",59900,119.6,127.22401502893844,125.03203641322327,102.82501372702262,154.68248570160978,20.78031653200078,0.10548340841390076
45,2,0.55,"matthew stafford,devon achane,christian mccaffrey,rj harvey,jaylen waddle,michael pittman,jayden higgins,kyle pitts sr,chargers",60000,119.3,126.53871866679312,124.83975636075454,102.28030083930742,153.71116630281543,20.77028694364674,0.08179772916224748
70,2,0.8,"bo nix,devon achane,treveyon henderson,rj harvey,jaylen waddle,tetairoa mcmillan,wandale robinson,kyle pitts sr,chargers",59900,119.1,127.26133742981133,124.82952683931558,102.83004285833056,155.18662629995714,20.84153303564152,0.11668098437562488
14,1,0.0,"matthew stafford,devon achane,christian mccaffrey,rj harvey,jaylen waddle,michael pittman,khalil shakir,kyle pitts sr,dolphins",59900,119.8,127.62594084642723,124.81435383989636,101.07136069980486,158.44330874360506,22.951820859544583,0.12249951861059705
94,2,1.04,"trevor lawrence,devon achane,christian mccaffrey,rj harvey,jaylen waddle,tetairoa mcmillan,alec pierce,kyle pitts sr,chargers",60000,119.1,126.53437794569868,124.70051151373083,100.34648481823254,154.50796006290508,21.071488434684888,0.08703070206228045
18,1,0.0,"drake maye,devon achane,treveyon henderson,rj harvey,jaylen waddle,troy franklin,michael pittman,kyle pitts sr,chargers",60000,119.7,126.9873393842358,124.67353749478076,101.67803423669402,153.99235062132752,22.469728912938415,0.10297417910203238
75,2,0.8500000000000001,"matthew stafford,devon achane,christian mccaffrey,rj harvey,jaylen waddle,stefon diggs,troy franklin,kyle pitts sr,titans",59800,119.1,126.13105211932289,124.55863938017796,99.84147483166973,154.78448675892307,21.561641471223453,0.07292639297631828
2,1,0.0,"matthew stafford,devon achane,christian mccaffrey,rj harvey,jaylen waddle,wandale robinson,troy franklin,kyle pitts sr,dolphins",60000,120.5,126.6049756446603,124.54971881292425,104.44145788091964,151.39218946094456,19.055613062293563,0.10785571815597474
15,1,0.0,"cj stroud,devon achane,christian mccaffrey,rj harvey,jaylen waddle,tetairoa mcmillan,troy franklin,kyle pitts sr,chargers",60000,119.8,128.1221215381665,124.54169355045411,102.16266512862695,156.54502250465876,22.468744793616167,0.159351491175852
63,2,0.73,"matthew stafford,devon achane,christian mccaffrey,rj harvey,jaylen waddle,wandale robinson,alec pierce,hunter henry,dolphins",59900,119.2,126.08343525511253,124.19787351798786,103.176495274348,150.93760235099555,19.24062112321747,0.09799900559599847
72,2,0.8200000000000001,"drake maye,devon achane,ashton jeanty,rj harvey,jaylen waddle,tetairoa mcmillan,troy franklin,kyle pitts sr,chargers",60000,119.1,126.20474978785735,124.15329452268341,101.84700665171343,152.88394610043923,21.696883923859637,0.09455068628163683
25,2,0.35,"matthew stafford,devon achane,christian mccaffrey,ashton jeanty,jaylen waddle,troy franklin,michael pittman,kyle pitts sr,titans",59900,119.5,126.66136480861854,124.0310528872154,102.63914868825032,154.39152678762318,21.36473911969203,0.1231146285787675
24,2,0.3399999999999999,"matthew stafford,devon achane,christian mccaffrey,rj harvey,tetairoa mcmillan,troy franklin,alec pierce,kyle pitts sr,chargers",60000,119.6,125.54712488745271,124.0110619904985,100.03199460448533,153.0001751462426,20.8892288057079,0.07353372933205093
78,2,0.8799999999999999,"matthew stafford,devon achane,christian mccaffrey,rj harvey,jaylen waddle,troy franklin,courtland sutton,hunter henry,raiders",60000,119.1,127.67482016725756,123.91084738390985,102.27284281520971,157.35329221851052,21.704516588305076,0.17341887196768213
74,2,0.8400000000000001,"matthew stafford,devon achane,christian mccaffrey,rj harvey,jaylen waddle,wandale robinson,alec pierce,kyle pitts sr,falcons",59900,119.1,125.4866152674825,123.8874052590411,102.29605866933424,150.61330370802682,18.98341652739799,0.08424247585429782
44,2,0.54,"matthew stafford,devon achane,christian mccaffrey,rj harvey,jaylen waddle,troy franklin,michael pittman,oronde gadsden,titans",59900,119.3,126.09751760719524,123.75930205487654,100.21953533994508,155.0067731105997,21.972007385979754,0.10641793038039421
82,2,0.9200000000000002,"cj stroud,devon achane,christian mccaffrey,rj harvey,jaylen waddle,wandale robinson,troy franklin,hunter henry,chargers",59900,119.1,125.36561282806186,123.75381206991891,102.52705355738051,151.18701939440803,18.55841100429164,0.08685014885003994
50,2,0.6000000000000001,"bo nix,devon achane,treveyon henderson,rj harvey,jaylen waddle,tetairoa mcmillan,troy franklin,hunter henry,chargers",60000,119.3,126.2386897058246,123.40997818557594,100.06207002672586,153.9992319847206,22.135907896836414,0.12778836691188664
11,1,0.0,"matthew stafford,devon achane,christian mccaffrey,rj harvey,jaylen waddle,troy franklin,tre tucker,kyle pitts sr,chargers",60000,119.9,126.94788695120054,123.37679153688795,102.5992528365099,156.84242852562497,21.905836643919063,0.16302027045855427
3,1,0.0,"matthew stafford,devon achane,christian mccaffrey,rj harvey,jaylen waddle,tetairoa mcmillan,troy franklin,hunter henry,titans",60000,120.4,126.61975950716753,123.24630296353374,100.08412081718286,156.19489760361947,22.817864668723995,0.14784277988368144
76,2,0.8599999999999999,"cj stroud,devon achane,christian mccaffrey,rj harvey,davante adams,jaylen waddle,troy franklin,kyle pitts sr,titans",59900,119.1,125.44907823762414,122.92335689049338,101.1365671067306,153.90496626570263,20.780581641935797,0.12154237983569134
8,1,0.0,"matthew stafford,devon achane,christian mccaffrey,rj harvey,jaylen waddle,tetairoa mcmillan,alec pierce,kyle pitts sr,dolphins",60000,119.9,125.52878868773315,122.58134290964922,100.07615734597363,153.12840146694035,22.01332331137849,0.13389372137919872
93,2,1.03,"cj stroud,devon achane,christian mccaffrey,rj harvey,jaylen waddle,troy franklin,michael pittman,kyle pitts sr,seahawks",59900,119.1,125.14558565142778,122.47592690740908,101.34365342046577,151.51477878789126,20.968890651791686,0.1273152112980567
64,2,0.74,"matthew stafford,devon achane,christian mccaffrey,rj harvey,jaylen waddle,troy franklin,michael pittman,dalton schultz,dolphins",59900,119.2,125.49846685205927,122.4652093114005,100.65916995701168,154.52549599154943,23.34045177637931,0.12995710493180954
77,2,0.8700000000000001,"matthew stafford,devon achane,christian mccaffrey,rj harvey,jaylen waddle,tetairoa mcmillan,alec pierce,hunter henry,saints",60000,119.1,124.65274634062921,122.29878025169498,99.72033440230476,151.53608201777192,20.78288041118738,0.11326466988026807
59,2,0.69,"justin herbert,devon achane,christian mccaffrey,rj harvey,jaylen waddle,tetairoa mcmillan,michael pittman,kyle pitts sr,titans",60000,119.2,123.91236056571759,121.72694843463071,99.27641754249437,151.8067233459174,20.697525207999647,0.10558808887171739
28,2,0.38,"matthew stafford,devon achane,treveyon henderson,rj harvey,jaylen waddle,troy franklin,michael pittman,hunter henry,chargers",60000,119.5,123.67930239498958,120.94344058546014,98.73161334730675,151.94231084786247,21.772993901681037,0.12565390969581863
56,2,0.66,"matthew stafford,devon achane,christian mccaffrey,rj harvey,jaylen waddle,troy franklin,alec pierce,hunter henry,falcons",60000,119.3,123.59170458840644,120.80057231763433,100.37384556584307,150.65711917343873,20.41366724619852,0.13672860623766073
29,2,0.39,"matthew stafford,devon achane,treveyon henderson,rj harvey,jaylen waddle,wandale robinson,troy franklin,kyle pitts sr,chargers",59900,119.5,123.01146025324039,120.4476281308053,99.24322742544484,148.964818998383,20.225684207493796,0.12676120600583515
